timestamp,vx_input,vx_setpoint,vx_output,vy_input,vy_setpoint,vy_output
354.097,1247.01,175,-0.2,16.7335,1166,0.2
354.107,1247.01,175,-0.2,16.7335,1166,0.2
354.117,1235.63,175,-0.2,16.3025,1166,0.2
354.127,1217.74,175,-0.2,15.6247,1166,0.2
354.137,1210.76,175,-0.2,15.36,1166,0.2
354.147,1210.76,175,-0.2,15.36,1166,0.2
354.157,1201.69,175,-0.2,14.669,1166,0.2
354.167,1198.16,175,-0.2,14.3992,1166,0.2
354.177,1198.16,175,-0.2,14.3992,1166,0.2
354.187,1195.15,175,-0.2,14.1698,1166,0.2
354.197,1189.87,175,-0.2,13.5344,1166,0.2
354.207,1187.81,175,-0.2,13.2862,1166,0.2
354.217,1187.81,175,-0.2,13.2862,1166,0.2
354.227,1184.27,175,-0.2,13.0445,1166,0.2
354.237,1182.75,175,-0.2,13.0183,1166,0.2
354.247,1182.75,175,-0.2,13.0183,1166,0.2
354.257,1181.46,175,-0.2,12.9961,1166,0.2
354.267,1179.43,175,-0.2,13.1096,1166,0.2
354.277,1178.63,175,-0.2,13.2221,1166,0.2
354.287,1178.63,175,-0.2,13.2221,1166,0.2
354.297,1177.39,175,-0.2,13.3992,1166,0.2
354.307,1177.39,175,-0.2,13.3992,1166,0.2
354.317,1176.9,175,-0.2,13.3198,1166,0.2
354.327,1176.13,175,-0.2,13.195,1166,0.2
354.337,1175.83,175,-0.2,13.1462,1166,0.2
354.347,1175.88,175,-0.2,13.4018,1166,0.2
354.357,1175.91,175,-0.2,13.619,1166,0.2
354.367,1175.91,175,-0.2,13.619,1166,0.2
354.377,1175.97,175,-0.2,13.9606,1166,0.2
354.387,1176.88,175,-0.2,13.9455,1166,0.2
354.397,1176.88,175,-0.2,13.9455,1166,0.2
354.407,1178.32,175,-0.2,13.9218,1166,0.2
354.417,1178.32,175,-0.2,13.9218,1166,0.2
354.427,1178.88,175,-0.2,13.9125,1166,0.2
354.437,1179.76,175,-0.2,14.1727,1166,0.2
354.447,1180.11,175,-0.2,14.2743,1166,0.2
354.457,1180.11,175,-0.2,14.2743,1166,0.2
354.467,1180.65,175,-0.2,14.434,1166,0.2
354.477,1180.86,175,-0.2,14.4964,1166,0.2
354.487,1180.86,175,-0.2,14.4964,1166,0.2
354.497,1181.04,175,-0.2,14.5495,1166,0.2
354.507,1180.73,175,-0.2,14.6329,1166,0.2
354.517,1180.34,175,-0.2,14.6654,1166,0.2
354.527,1180,175,-0.2,14.6931,1166,0.2
354.538,1179.71,175,-0.2,14.7167,1166,0.2
354.547,1179.47,175,-0.2,14.4397,1166,0.2
354.557,1179.47,175,-0.2,14.4397,1166,0.2
354.567,1179.27,175,-0.2,14.2042,1166,0.2
354.577,1178.94,175,-0.2,13.834,1166,0.2
354.587,1178.94,175,-0.2,13.834,1166,0.2
354.597,1178.82,175,-0.2,13.9864,1166,0.2
354.607,1178.62,175,-0.2,14.226,1166,0.2
354.617,1178.62,175,-0.2,14.226,1166,0.2
354.627,1178.54,175,-0.2,14.3196,1166,0.2
354.637,1178.42,175,-0.2,14.4668,1166,0.2
354.647,1178.37,175,-0.2,14.5243,1166,0.2
354.657,1178.37,175,-0.2,14.5243,1166,0.2
354.667,1177.11,175,-0.2,14.6147,1166,0.2
354.677,1176.07,175,-0.2,14.65,1166,0.2
354.687,1176.07,175,-0.2,14.65,1166,0.2
354.697,1174.43,175,-0.2,14.7055,1166,0.2
354.707,1174.98,175,-0.2,14.5787,1166,0.2
354.717,1174.98,175,-0.2,14.5787,1166,0.2
354.727,1175.45,175,-0.2,14.4709,1166,0.2
354.737,1176.19,175,-0.2,14.3013,1166,0.2
354.747,1176.47,175,-0.2,14.3836,1166,0.2
354.757,1176.47,175,-0.2,14.3836,1166,0.2
354.767,1176.92,175,-0.2,14.5131,1166,0.2
354.777,1177.1,175,-0.2,14.5636,1166,0.2
354.787,1177.1,175,-0.2,14.5636,1166,0.2
354.797,1177.84,175,-0.2,14.6066,1166,0.2
354.807,1179.01,175,-0.2,14.6741,1166,0.2
354.817,1179.47,175,-0.2,14.7005,1166,0.2
354.827,1179.47,175,-0.2,14.7005,1166,0.2
354.837,1181.29,175,-0.2,14.742,1166,0.2
354.847,1182,175,-0.2,14.7582,1166,0.2
354.857,1182,175,-0.2,14.7582,1166,0.2
354.867,1182.6,175,-0.2,14.772,1166,0.2
354.877,1181.35,175,-0.2,14.5189,1166,0.2
354.887,1180.86,175,-0.2,14.4201,1166,0.2
354.897,1180.86,175,-0.2,14.4201,1166,0.2
354.907,1180.39,175,-0.2,14.2646,1166,0.2
354.917,1180.35,175,-0.2,14.2039,1166,0.2
354.927,1180.35,175,-0.2,14.2039,1166,0.2
354.937,1180.27,175,-0.2,14.1085,1166,0.2
354.947,1180.84,175,-0.2,14.2197,1166,0.2
354.957,1180.84,175,-0.2,14.2197,1166,0.2
354.967,1181.73,175,-0.2,14.3946,1166,0.2
354.977,1182.07,175,-0.2,14.4629,1166,0.2
354.987,1182.07,175,-0.2,14.521,1166,0.2
354.997,1182.07,175,-0.2,14.521,1166,0.2
355.007,1182.07,175,-0.2,14.6123,1166,0.2
355.017,1182.07,175,-0.2,14.6479,1166,0.2
355.027,1182.07,175,-0.2,14.6479,1166,0.2
355.037,1182.61,175,-0.2,14.4293,1166,0.2
355.047,1182.61,175,-0.2,14.4293,1166,0.2
355.057,1183.01,175,-0.2,14.2713,1166,0.2
355.067,1183.01,175,-0.2,14.2713,1166,0.2
355.077,1182.75,175,-0.2,14.4319,1166,0.2
355.087,1182.64,175,-0.2,14.4946,1166,0.2
355.097,1182.64,175,-0.2,14.4946,1166,0.2
355.107,1183.08,175,-0.2,14.5932,1166,0.2
355.117,1183.52,175,-0.2,14.6317,1166,0.2
355.127,1183.52,175,-0.2,14.6317,1166,0.2
355.137,1184.21,175,-0.2,14.6923,1166,0.2
355.147,1184.21,175,-0.2,14.6923,1166,0.2
355.157,1185.26,175,-0.2,14.7361,1166,0.2
355.167,1185.26,175,-0.2,14.7361,1166,0.2
355.177,1185.67,175,-0.2,14.7532,1166,0.2
355.187,1187.21,175,-0.2,14.78,1166,0.2
355.197,1187.21,175,-0.2,14.78,1166,0.2
355.207,1189.08,175,-0.2,14.7994,1166,0.2
355.217,1189.81,175,-0.2,14.807,1166,0.2
355.227,1189.81,175,-0.2,14.807,1166,0.2
355.237,1191.5,175,-0.2,14.819,1166,0.2
355.247,1191.5,175,-0.2,14.819,1166,0.2
355.257,1192.73,175,-0.2,14.8276,1166,0.2
355.267,1193.21,175,-0.2,14.6824,1166,0.2
355.277,1193.61,175,-0.2,14.5591,1166,0.2
355.287,1193.61,175,-0.2,14.5591,1166,0.2
355.297,1193.96,175,-0.2,14.4542,1166,0.2
355.307,1194.8,175,-0.2,14.4378,1166,0.2
355.317,1195.27,175,-0.2,14.4996,1166,0.2
355.327,1195.27,175,-0.2,14.4996,1166,0.2
355.337,1196,175,-0.2,14.5969,1166,0.2
355.347,1196,175,-0.2,14.5969,1166,0.2
355.357,1197.17,175,-0.2,14.6348,1166,0.2
355.367,1199.02,175,-0.2,14.6945,1166,0.2
355.377,1199.75,175,-0.2,14.7179,1166,0.2
355.387,1199.75,175,-0.2,14.7179,1166,0.2
355.397,1200.66,175,-0.2,14.7377,1166,0.2
355.407,1202.09,175,-0.2,14.7689,1166,0.2
355.417,1202.65,175,-0.2,14.781,1166,0.2
355.427,1202.65,175,-0.2,14.781,1166,0.2
355.437,1204.08,175,-0.2,15.0749,1166,0.2
355.447,1204.64,175,-0.2,15.1897,1166,0.2
355.457,1204.64,175,-0.2,15.1897,1166,0.2
355.467,1205.11,175,-0.2,15.2872,1166,0.2
355.477,1206.41,175,-0.2,15.1659,1166,0.2
355.487,1206.41,175,-0.2,15.1659,1166,0.2
355.497,1207.34,175,-0.2,15.0782,1166,0.2
355.507,1208.3,175,-0.2,15.044,1166,0.2
355.517,1209.12,175,-0.2,15.0149,1166,0.2
355.527,1209.12,175,-0.2,15.0149,1166,0.2
355.537,1210.4,175,-0.2,14.9691,1166,0.2
355.547,1210.31,175,-0.2,14.6543,1166,0.2
355.557,1210.31,175,-0.2,14.6543,1166,0.2
355.567,1210.23,175,-0.2,14.3866,1166,0.2
355.577,1210.1,175,-0.2,13.9658,1166,0.2
355.587,1210.1,175,-0.2,13.9658,1166,0.2
355.597,1210.95,175,-0.2,14.0984,1166,0.2
355.607,1212.27,175,-0.2,14.307,1166,0.2
355.617,1212.79,175,-0.2,14.3884,1166,0.2
355.627,1212.79,175,-0.2,14.3884,1166,0.2
355.637,1214.15,175,-0.2,14.5165,1166,0.2
355.647,1214.68,175,-0.2,14.5665,1166,0.2
355.657,1214.68,175,-0.2,14.5665,1166,0.2
355.667,1215.14,175,-0.2,14.6091,1166,0.2
355.677,1215.85,175,-0.2,14.4012,1166,0.2
355.687,1215.85,175,-0.2,14.4012,1166,0.2
355.697,1216.13,175,-0.2,14.32,1166,0.2
355.707,1217.16,175,-0.2,14.1924,1166,0.2
355.717,1217.83,175,-0.2,14.1425,1166,0.2
355.727,1217.83,175,-0.2,14.1425,1166,0.2
355.737,1218.41,175,-0.2,14.1001,1166,0.2
355.747,1219.31,175,-0.2,14.0335,1166,0.2
355.757,1219.31,175,-0.2,14.0335,1166,0.2
355.767,1219.66,175,-0.2,14.0075,1166,0.2
355.777,1220.22,175,-0.2,13.9665,1166,0.2
355.787,1221.03,175,-0.2,14.0991,1166,0.2
355.797,1221.03,175,-0.2,14.0991,1166,0.2
355.807,1222.3,175,-0.2,14.3074,1166,0.2
355.817,1222.8,175,-0.2,14.3888,1166,0.2
355.827,1222.8,175,-0.2,14.3888,1166,0.2
355.837,1223.82,175,-0.2,14.458,1166,0.2
355.847,1225.42,175,-0.2,14.5668,1166,0.2
355.857,1226.04,175,-0.2,14.6093,1166,0.2
355.867,1226.04,175,-0.2,14.6093,1166,0.2
355.877,1228.12,175,-0.2,14.4013,1166,0.2
355.887,1228.93,175,-0.2,14.3201,1166,0.2
355.897,1228.93,175,-0.2,14.3201,1166,0.2
355.907,1229.63,175,-0.2,14.2511,1166,0.2
355.917,1230.71,175,-0.2,14.4173,1166,0.2
355.927,1230.71,175,-0.2,14.4173,1166,0.2
355.937,1231.5,175,-0.2,14.5374,1166,0.2
355.947,1232.4,175,-0.2,14.5843,1166,0.2
355.957,1232.4,175,-0.2,14.5843,1166,0.2
355.967,1233.16,175,-0.2,14.6241,1166,0.2
355.977,1234.37,175,-0.2,14.6868,1166,0.2
355.987,1235.13,175,-0.2,14.1173,1166,0.2
355.997,1235.13,175,-0.2,14.1173,1166,0.2
356.007,1236.34,175,-0.2,13.2217,1166,0.2
356.017,1236.81,175,-0.2,12.872,1166,0.2
356.027,1236.81,175,-0.2,12.872,1166,0.2
356.037,1237.21,175,-0.2,13.1687,1166,0.2
356.047,1237.84,175,-0.2,13.6352,1166,0.2
356.057,1238.09,175,-0.2,13.8175,1166,0.2
356.067,1238.09,175,-0.2,13.8175,1166,0.2
356.077,1239.02,175,-0.2,14.104,1166,0.2
356.087,1239.39,175,-0.2,14.2159,1166,0.2
